RespondentId,DevType,ConvertedCompYearly
0,"Developer, front-end;Academic researcher;Designer",8244.0
1,"Developer, mobile",10296.0
2,"Data scientist or machine learning specialist;Developer, back-end;Data or business analyst",7728.0
3,"Developer, full-stack;Developer, back-end",3096.0
4,"Developer, full-stack;Engineering manager;Academic researcher",41208.0
5,"Developer, back-end;Database administrator;DevOps specialist",4116.0
6,"Developer, full-stack;Engineering manager;Database administrator",25752.0
7,"Developer, full-stack;Database administrator;Cloud infrastructure engineer;Designer;System administrator",69.0
8,"Developer, front-end",6000.0
9,"Developer, back-end;Blockchain",36.0
10,Data scientist or machine learning specialist;Data or business analyst;Designer,15660.0
11,"Developer, front-end;Developer, full-stack;Developer, back-end;Developer, desktop or enterprise applications;Developer, mobile;Academic researcher;Developer, embedded applications or devices",10296.0
12,"Developer, back-end;Cloud infrastructure engineer",20604.0
13,"Developer, front-end;Developer, full-stack;Developer, back-end;Developer, mobile",13735.0
14,"Developer, front-end;Developer, full-stack;Developer, back-end;Developer, QA or test",4800.0
15,"Developer, full-stack;DevOps specialist",30045.0
16,"Developer, back-end",30900.0
17,"Developer, front-end;Developer, full-stack",45000.0
18,"Developer, back-end;Developer, desktop or enterprise applications;Developer, mobile",5148.0
19,DevOps specialist;Cloud infrastructure engineer;System administrator,85844.0
20,"Developer, front-end",3096.0
21,"Developer, full-stack",103000.0
22,"Developer, full-stack;Developer, back-end",60000.0
23,"Developer, full-stack;Developer, back-end;DevOps specialist;System administrator",36060.0
24,Other (please specify):,138203.0
25,"Developer, mobile",26784.0
26,"Developer, full-stack;Blockchain",72108.0
27,"Engineer, data;Engineer, site reliability;Developer, back-end;Database administrator;Cloud infrastructure engineer;System administrator",53304.0
28,"Developer, back-end",20604.0
29,"Developer, back-end",72108.0
30,"Developer, front-end;Developer, full-stack;Developer, back-end;Developer, mobile;Database administrator;Designer;System administrator",14424.0
31,"Developer, mobile",4116.0
32,"Developer, full-stack",107300.0
33,"Developer, front-end;Developer, full-stack;Developer, back-end;Developer, desktop or enterprise applications;Database administrator;Designer",25000.0
34,"Developer, front-end;Developer, full-stack;Project manager;Designer;System administrator",20604.0
35,"Developer, front-end;Developer, full-stack;Blockchain",156.0
36,"Developer, front-end",168.0
37,"Developer, front-end;Developer, full-stack;Developer, back-end;Developer, mobile;DevOps specialist;Project manager;Cloud infrastructure engineer;Product manager",60000.0
38,"Developer, front-end;Developer, full-stack;Developer, back-end;Project manager;Product manager",7212.0
39,"Engineer, site reliability;Developer, back-end;Developer, desktop or enterprise applications;DevOps specialist;System administrator",36000.0
40,"Developer, full-stack;Developer, desktop or enterprise applications;Designer;System administrator",9000.0
41,"Developer, front-end;Educator;Designer",42900.0
42,"Developer, mobile",10296.0
43,Data scientist or machine learning specialist;Cloud infrastructure engineer;Data or business analyst,10296.0
44,"Developer, full-stack;Designer",2400.0
45,"Developer, full-stack;Developer, back-end;Student;Developer, mobile",4300.0
46,"Developer, full-stack",51435.0
47,"Developer, front-end",20604.0
48,"Developer, front-end;Developer, full-stack;Developer, back-end",8400.0
49,Educator,6696.0
50,"Developer, front-end;Developer, full-stack;Developer, back-end;Developer, desktop or enterprise applications;Student;Developer, mobile;Database administrator",10296.0
51,"Developer, full-stack",32964.0
52,"Developer, front-end;Developer, full-stack;Developer, mobile",40000.0
53,"Developer, full-stack",5148.0
54,"Developer, full-stack",30276.0
55,"Developer, back-end;Engineering manager",41208.0
56,"Developer, full-stack;Blockchain",54000.0
57,"Developer, desktop or enterprise applications;Database administrator;Data or business analyst;Product manager;System administrator",6180.0
58,"Developer, full-stack;Developer, mobile",8244.0
59,"Developer, front-end",5664.0
60,"Developer, full-stack",18852.0
61,"Developer, front-end;Developer, full-stack;Developer, back-end;Database administrator;DevOps specialist;Designer;System administrator",11846.0
62,"Developer, front-end;Developer, mobile",108.0
63,"Engineer, site reliability;Developer, full-stack;Database administrator;Data or business analyst;System administrator;Security professional",10296.0
64,"Developer, front-end",4632.0
65,"Developer, front-end;Developer, back-end;Developer, desktop or enterprise applications;Developer, mobile;Cloud infrastructure engineer",80000.0
66,"Developer, mobile",15456.0
67,"Engineer, data;Developer, back-end;Developer, mobile;Database administrator",4992.0
68,"Developer, full-stack",6180.0
69,"Developer, back-end;Developer, desktop or enterprise applications",21636.0
70,"Developer, front-end;Developer, full-stack;Student",11328.0
71,"Developer, front-end;Developer, back-end;Developer, mobile;Developer, embedded applications or devices",7308.0
72,"Engineer, data;Academic researcher",5148.0
73,"Developer, back-end",24.0
74,"Developer, full-stack",51504.0
75,Database administrator,51504.0
76,"Data scientist or machine learning specialist;Developer, front-end;Engineer, data;Engineer, site reliability;Developer, full-stack;Developer, back-end;Developer, desktop or enterprise applications;Developer, QA or test;Developer, mobile;Engineering manager;Database administrator;DevOps specialist;Developer, embedded applications or devices;Developer, game or graphics;Project manager;Cloud infrastructure engineer;Data or business analyst;Designer;Scientist;Product manager;System administrator;Blockchain;Security professional",150000.0
77,"Developer, front-end;Developer, full-stack;Developer, back-end;Developer, mobile;Engineering manager;Project manager;Senior Executive (C-Suite, VP, etc.)",8244.0
78,Data scientist or machine learning specialist,9684.0
79,"Developer, back-end",18960.0
80,"Developer, desktop or enterprise applications;Educator;Academic researcher",18540.0
81,"Data scientist or machine learning specialist;Engineer, data;Developer, full-stack;Educator;Engineering manager;Database administrator;Academic researcher;DevOps specialist;Project manager;Cloud infrastructure engineer;Data or business analyst;Designer;Product manager;System administrator;Blockchain;Marketing or sales professional;Security professional",5148.0
82,"Developer, back-end",20604.0
83,"Developer, front-end;Developer, full-stack;Developer, back-end;Developer, desktop or enterprise applications;Developer, mobile;Database administrator;Developer, game or graphics;Cloud infrastructure engineer;Designer",10296.0
84,Data scientist or machine learning specialist;Data or business analyst,20088.0
85,"Developer, front-end;Developer, back-end;DevOps specialist;Cloud infrastructure engineer",12792.0
86,"Developer, front-end;Developer, full-stack;Developer, back-end",4116.0
