RespondentId,LanguageWantToWorkWith
0,HTML/CSS;JavaScript;Python
1,C#;HTML/CSS;Java;JavaScript;Kotlin;PowerShell;SQL;TypeScript;VBA
2,Python
3,Dart;HTML/CSS;JavaScript;PHP;Python;SQL;TypeScript
4,Solidity;TypeScript
5,Bash/Shell;Dart;HTML/CSS;JavaScript;Kotlin;PHP;PowerShell;Python;SQL;TypeScript
6,Dart;Go;Ruby;TypeScript
7,Dart;Go;JavaScript
8,Dart;HTML/CSS;Java;Kotlin;Python;Rust;Solidity;TypeScript
9,Python;SQL
10,JavaScript;PHP
11,C;C++;Java;Python;R
12,Bash/Shell;Dart;HTML/CSS;JavaScript;Kotlin;Python
13,Go;Java;JavaScript;Kotlin;TypeScript
14,HTML/CSS;JavaScript;TypeScript
15,MATLAB;R
16,Dart;Go;HTML/CSS;JavaScript;Python;SQL;Swift
17,Go;Julia
18,Kotlin;Python;Scala
19,C;C#;C++;HTML/CSS;JavaScript;PHP;PowerShell;Python;R;SQL
20,Go
21,Go;JavaScript;Kotlin;PHP;SQL;TypeScript
22,Solidity;TypeScript
23,C;C#;Go;JavaScript;Rust;TypeScript
24,HTML/CSS;Java;JavaScript;Python;SQL;TypeScript
25,C#;Dart;F#;HTML/CSS;TypeScript
26,JavaScript;Ruby;Rust;TypeScript
27,C;C++;Groovy;HTML/CSS;Java;JavaScript;Scala;SQL;TypeScript
28,Bash/Shell;C;C++;HTML/CSS;JavaScript;Python;Rust
29,C#;Ruby;TypeScript
30,HTML/CSS;JavaScript;TypeScript
31,JavaScript;Kotlin;Swift
32,C;Dart;Elixir;HTML/CSS;JavaScript;Kotlin;Python;SQL
33,Go;JavaScript;SQL;TypeScript
34,JavaScript;TypeScript
35,C++;Java;Kotlin;Python
36,HTML/CSS;JavaScript;R
37,Bash/Shell;Dart;JavaScript;Python;Solidity
38,Java;JavaScript;Python
39,Haskell;Rust;TypeScript
40,JavaScript;Python
41,Elixir;Erlang;SQL
42,Python
43,Bash/Shell;C;C#;C++;HTML/CSS;Java;JavaScript;PHP;Python;Ruby;SQL;TypeScript
44,Go;HTML/CSS;Java;JavaScript;Python;SQL;TypeScript
45,Go
46,Bash/Shell;C++;Crystal;Dart;Go;HTML/CSS;Java;JavaScript;LISP;PHP;Python;Rust;SQL;TypeScript
47,Kotlin;Python
48,Elixir;Go;JavaScript;Python;TypeScript
49,HTML/CSS;JavaScript;PHP;Python;SQL
50,Dart;HTML/CSS;JavaScript;Lua;Python;Rust;SQL
51,Java
52,Dart;HTML/CSS;JavaScript;PHP;Python;R;SQL
53,Rust
54,Elixir;Rust
55,HTML/CSS;JavaScript;PHP;Python;SQL;TypeScript
56,C#;Dart;Go;Groovy;HTML/CSS;Java;JavaScript;Kotlin;Objective-C;PHP;SQL;Swift;TypeScript
57,HTML/CSS;JavaScript;Python
58,Go;TypeScript
59,Go;HTML/CSS;JavaScript;PHP;Python;Rust;TypeScript
60,C#;VBA
61,Go
62,JavaScript;TypeScript
63,Kotlin;Rust;SAS
64,Kotlin
65,Java;Kotlin;Lua;MATLAB;PHP;Ruby
66,Dart;HTML/CSS;JavaScript;MATLAB;Python
67,Dart;Go;HTML/CSS;Java;JavaScript;Python;Rust;TypeScript
68,HTML/CSS;Java;JavaScript;Python;Solidity;TypeScript
69,C++;Solidity;TypeScript
70,HTML/CSS;JavaScript;PHP;Python;Ruby;SQL;TypeScript
71,JavaScript;Python;TypeScript
72,Rust
73,APL;Python;SQL
74,HTML/CSS;JavaScript;TypeScript
75,Solidity;TypeScript
76,Dart;HTML/CSS;JavaScript;PHP;TypeScript
77,HTML/CSS;JavaScript;Python;TypeScript
78,C++;Dart;Go;JavaScript;Python;Rust;Solidity
79,HTML/CSS;Java;JavaScript;Kotlin;PHP;Python;R;Ruby
80,C++;HTML/CSS;JavaScript
81,C;Java;Kotlin
82,HTML/CSS;JavaScript;Python
83,C#;HTML/CSS;Java;JavaScript;PHP;PowerShell
84,APL;Assembly;Bash/Shell;Java;JavaScript;Kotlin;PHP;Python;SQL
85,C;Scala;SQL;TypeScript
86,Bash/Shell;C;HTML/CSS;Perl;PHP;Python;Ruby;SQL
87,C;C#;C++;JavaScript;Python;SQL
88,C;C++;HTML/CSS;JavaScript;Python;SQL
89,Java;JavaScript;Kotlin;Python;SQL;Swift
90,Java;JavaScript;Kotlin;PHP;Python;SQL
91,HTML/CSS;JavaScript;Python;SQL
92,Dart;Kotlin;Scala
93,C;JavaScript;Python;SQL
94,C#;Java;JavaScript
95,Bash/Shell;C#;Dart;Go;HTML/CSS;JavaScript;PHP;Python;SQL;TypeScript
96,HTML/CSS;Java;JavaScript;Kotlin;Swift
97,APL;SQL
98,HTML/CSS;JavaScript;Python;TypeScript
99,JavaScript;PHP;Python;R;SQL
100,C++;HTML/CSS;JavaScript;Kotlin;PHP;SQL
101,JavaScript;Kotlin;PHP;Python;SQL
102,HTML/CSS;Java;JavaScript;Python;SQL;TypeScript
103,Dart;JavaScript
104,Bash/Shell;HTML/CSS;Java;JavaScript;PHP;Python;SQL
105,APL;Python;R
106,Dart;Go;JavaScript;Python;SQL;TypeScript
107,C++;Dart;Go;HTML/CSS;JavaScript;Python;Rust;SQL;TypeScript
108,C#;Erlang;JavaScript;Kotlin;SQL;TypeScript
109,C++;HTML/CSS;JavaScript;SQL;TypeScript
110,C;C#;Go;HTML/CSS;Java;JavaScript;Kotlin;PowerShell;Python;Rust;TypeScript
111,C;C++;JavaScript;MATLAB;Python;Rust;TypeScript
112,HTML/CSS;JavaScript;PHP;SQL;TypeScript
113,Go;Ruby
114,Java;JavaScript
115,Java;Python
116,Python;R
117,HTML/CSS;Java;JavaScript
118,LISP;MATLAB;Ruby;Rust;Solidity;Swift
119,HTML/CSS;JavaScript;PHP;Python;TypeScript
120,HTML/CSS;JavaScript;Python
121,C#;C++;JavaScript;Python;SQL
122,C++;HTML/CSS;JavaScript;TypeScript
123,Assembly;C;C#;C++;Clojure;Dart;Elixir;Erlang;F#;Fortran;Go;Groovy;Haskell;HTML/CSS;Java;JavaScript;Julia;Kotlin;Objective-C;PowerShell;Python;R;Ruby;Rust;Scala;Solidity;SQL;Swift;TypeScript
124,HTML/CSS;JavaScript;Python;TypeScript
125,Go;Rust
126,HTML/CSS;JavaScript
127,Dart;HTML/CSS;Java;JavaScript;Kotlin;Python;SQL;TypeScript
128,Bash/Shell;C;C++;HTML/CSS;Java;JavaScript;Kotlin;Objective-C;Python;SQL
129,JavaScript
130,MATLAB;Python;R;Ruby;Rust;Solidity;SQL
131,C#
132,HTML/CSS;JavaScript;Kotlin;PHP;Python;SQL
133,Assembly;Bash/Shell;C;Go;HTML/CSS;JavaScript;Python;SQL
134,Go
135,HTML/CSS;JavaScript;Julia;PowerShell;Python;TypeScript;VBA
136,Go;R
137,R
138,Java;JavaScript;PHP;SQL
139,Dart
140,Go;HTML/CSS;Kotlin;TypeScript
141,HTML/CSS;JavaScript;TypeScript
142,Dart;Go;TypeScript
143,Java;Kotlin
144,HTML/CSS;Java;JavaScript;Ruby;SQL;TypeScript
145,Go;Kotlin;SQL
146,C++;Go;LISP;Rust;SQL;TypeScript
147,Python
148,JavaScript;Python
149,Elixir;Erlang;Go;JavaScript;Python;Solidity;TypeScript
150,Dart;Elixir;F#;Go;Haskell
151,Dart;HTML/CSS;JavaScript;PowerShell;SQL;TypeScript
152,JavaScript;TypeScript
153,Java;JavaScript;Rust;TypeScript
154,Go;HTML/CSS;JavaScript;Kotlin;PHP;SQL;TypeScript
155,PHP;Python
156,JavaScript;Rust;TypeScript
157,Dart;Go;Kotlin;Swift
158,C#;C++;Go;Lua;Rust
159,Elixir
160,Dart
161,Python;Rust;Solidity
162,C#;PHP;Python;SQL
163,APL;C;C#;C++;Python;SQL;Swift;VBA
164,Go;JavaScript;Python;Rust;TypeScript
165,HTML/CSS;JavaScript;TypeScript
166,C#;HTML/CSS;JavaScript;PHP;SQL
167,Go;HTML/CSS;PHP;SQL
168,HTML/CSS;Java;JavaScript;Kotlin;PHP;Python;SQL;Swift
169,C;C++;Dart;HTML/CSS;Java;Kotlin;Python;Rust;SQL;TypeScript
170,Dart;Kotlin;Solidity
171,HTML/CSS;JavaScript;PHP;SAS
172,HTML/CSS;JavaScript;Python
173,HTML/CSS;Java;JavaScript;Kotlin;PHP;Python;SQL
174,C++;Go;JavaScript;Python
175,Bash/Shell;C++;HTML/CSS;JavaScript;SQL;TypeScript
176,Dart;Go;HTML/CSS;Java;JavaScript;Kotlin;Python;SQL;Swift;TypeScript
177,C#;Dart;Go;HTML/CSS;JavaScript;PHP;Python;R;Rust;SQL
178,SQL;Swift;TypeScript
179,Bash/Shell;Dart;Go;HTML/CSS;Python;R;Rust;TypeScript
180,C#;Java
181,C++;Dart;HTML/CSS;JavaScript;MATLAB;Python;SQL
182,Elixir;Python;SAS
183,Go;JavaScript;SQL
184,HTML/CSS;Java;JavaScript;Python
185,JavaScript;PHP;Python;SQL
186,Python
187,Bash/Shell;C++;JavaScript;Python
188,Java;JavaScript;Kotlin
189,HTML/CSS;Java;JavaScript;Python;SQL;TypeScript
190,Go;Rust
191,Python
192,Elixir
193,Bash/Shell;JavaScript;Perl;Python;R;SQL
194,Dart;HTML/CSS;JavaScript;Kotlin;PHP;Python;SQL
195,Kotlin;MATLAB;Swift
196,HTML/CSS;Java;JavaScript;SQL
197,C#;HTML/CSS;PHP;Python;SQL
198,APL;Assembly;Bash/Shell;C;C#;C++;Clojure;COBOL;Crystal;Dart;Delphi;Elixir;Erlang;F#;Fortran;Go;Groovy;Haskell;HTML/CSS;Java;JavaScript;Julia;Kotlin;LISP;Lua;MATLAB;OCaml;Objective-C;Perl;PHP;PowerShell;Python;R;Ruby;Rust;SAS;Scala;Solidity;SQL;Swift;TypeScript;VBA
199,Bash/Shell;Dart;Go;HTML/CSS;Java;JavaScript;PHP;PowerShell;Python;Rust;SQL
200,HTML/CSS;JavaScript;Objective-C;Python;Rust;Swift
201,C#
202,APL;HTML/CSS;JavaScript;Python
203,Bash/Shell;Go;HTML/CSS;JavaScript;Python;Swift;TypeScript
204,Solidity
205,Assembly;Python;Rust;SQL
206,Dart;Erlang;Go;HTML/CSS;JavaScript;Python;R;Ruby;Rust;Solidity;TypeScript
207,JavaScript;Python;Rust;SQL
208,HTML/CSS;JavaScript;Python;TypeScript
209,C;JavaScript;Rust;TypeScript
210,Dart;JavaScript;Kotlin;PHP;Python;R;SQL
211,TypeScript
212,HTML/CSS;JavaScript
213,Kotlin;Python;R;SQL;TypeScript
214,Python
215,Go
216,Python;Solidity;SQL
217,C++
218,APL;HTML/CSS;JavaScript;PHP;Python;SQL
219,Bash/Shell;Java;JavaScript;PHP;SQL;TypeScript
220,Go;Kotlin;Ruby;Swift
221,HTML/CSS;Java;JavaScript;Kotlin;PHP;Python
222,Bash/Shell;C;Elixir;Go;JavaScript;Kotlin;PHP;PowerShell;R;Ruby;Scala;SQL;TypeScript;VBA
223,Bash/Shell;C;C++;HTML/CSS;Java;JavaScript;PHP;SQL;TypeScript
224,Elixir;HTML/CSS;Rust
225,Dart;HTML/CSS;Java;JavaScript;Kotlin;PHP;Python;SQL;Swift;TypeScript
226,C#;Dart;HTML/CSS;Java;JavaScript;PHP;SQL;TypeScript
227,C;C++;Dart;Solidity
228,Bash/Shell;Dart;Groovy;HTML/CSS;JavaScript;SQL;TypeScript
229,Dart;Go;Rust;TypeScript
230,Assembly
231,Assembly;C;C#;C++;HTML/CSS;Java;JavaScript;Kotlin;PHP;Python;SQL
232,HTML/CSS;Java;JavaScript;Kotlin;Python
233,Dart
234,C#;Python;SQL;TypeScript
235,HTML/CSS;JavaScript;Python
236,Kotlin;MATLAB;Objective-C;Perl;PowerShell;R;Ruby;Rust;SAS;Scala;Swift;TypeScript
